tipo,descripcion_material,item_no_sansuy,imds_id_version,proveedor,fecha_publicacion
Semicomponent,"Sanflex G KL Laranja S-202 0,600x1400mm",197.026.0114,1495435976 / 1,Sansuy S.A. Indústria de Plásticos,2026-04-24
Semicomponent,"Sanflex VII LC CL55 Preto S-085 0,600x1400mm",124.505.0366,1393810869 / 2,Sansuy S.A. Indústria de Plásticos,2025-02-18
Semicomponent,"Sanfoam III B CL45 Bege S-366 1,00x1400mm com espuma 2,00mm com forro",124.602.0231,1210894453 / 1,Sansuy S.A. Indústria de Plásticos,2023-04-10
Semicomponent,"Sanfoam III B LE CL45 Preto S-114 1,00x1400mm com espuma 2,00mm com forro",124.602.0230,1210889642 / 1,Sansuy S.A. Indústria de Plásticos,2023-04-10
Semicomponent,"Sanfoam Premium III CL100 Preto S-136 1,00x1400mm com espuma 3,00mm com forro",-,1142522529 / 4,Sansuy S.A. Indústria de Plásticos,2025-03-21
Semicomponent,"Sanleather III IS LE CL43 Cinza S-737 1,00x1400mm",124.544.0076,1230796930 / 2,Sansuy S.A. Indústria de Plásticos,2024-12-18
Semicomponent,"Sanleather III IS LE CL43 Preto S-085 1,00x1400mm",124.544.0075,1230793777 / 2,Sansuy S.A. Indústria de Plásticos,2024-12-18
Semicomponent,"Sanleather III IS LE CL43 Preto S-085 1,00x1400mm com espuma de 1,00mm com forro",124.603.0157,1230803568 / 1,Sansuy S.A. Indústria de Plásticos,2023-08-02
Semicomponent,"Sanleather III IS LE CL43 Verde S-508 1,00x1400mm",124.544.0077,1230801514 / 1,Sansuy S.A. Indústria de Plásticos,2023-08-02
Semicomponent,"Sanleather III IS LE CL68 Cinza S-692 1,00x1400mm com espuma 3,00mm sem forro",124.603.0162,1295288968 / 1,Sansuy S.A. Indústria de Plásticos,2024-08-15
Semicomponent,"Sanleather III IS LE CL68 Preto S-085 1,00x1400mm com espuma 1,00mm com forro",124.603.0124-6 / 124.603.0125-8,1106990722 / 2,Sansuy S.A. Indústria de Plásticos,2022-07-18
Semicomponent,"Sanleather III IS LE ML7 Preto S-085 1,00x1400mm com espuma 3,00mm sem forro",124.603.0163,1295279587 / 1,Sansuy S.A. Indústria de Plásticos,2024-08-15
Semicomponent,"Sanleather IV IS LE CL39 Cinza S-376 1,10x1400mm",8301085,1115337029 / 1,Sansuy S.A. Indústria de Plásticos,2022-04-28
Semicomponent,"Sanleather IV IS LE CL68 Preto S-085 1,10x1400mm",1245440066,1053498889 / 2,Sansuy S.A. Indústria de Plásticos,2022-10-19
Semicomponent,"Sanleather IV IS LE CL74 Cinza S-704 1,10x1400mm com espuma de 2,00mm com forro",197.025.0427,1495436728 / 1,Sansuy S.A. Indústria de Plásticos,2026-04-24
Semicomponent,"Sanleather IV IS LE CL74 Cinza S-704 1,10x1400mm com espuma de 3,00mm sem forro",197.026.0006,1495437689 / 1,Sansuy S.A. Indústria de Plásticos,2026-04-24
Semicomponent,"Sanleather IV IS LE CL74 Cinza S-782 1,10x1400mm com espuma de 2,00mm com forro",197.025.0431,1495440189 / 1,Sansuy S.A. Indústria de Plásticos,2026-04-24
Semicomponent,"Sanleather IV IS LE CL74 Cinza S-782 1,10x1400mm com espuma de 3,00mm sem forro",197.026.0007,1495441919 / 1,Sansuy S.A. Indústria de Plásticos,2026-04-24
Semicomponent,"Sanleather IV IS LE CL74 Preto S-085 1,10x1400mm com espuma de 3,00mm sem forro",197.025.0426,1495443217 / 1,Sansuy S.A. Indústria de Plásticos,2026-04-23
Semicomponent,"Sanleather IV IS LE ML14 Cinza S-769 1,10x1400mm com espuma de 2,00mm com forro",197.025.0429,1495664781 / 1,Sansuy S.A. Indústria de Plásticos,2026-04-24
Semicomponent,"Sanleather IV IS LE ML14 Cinza S-769 1,10x1400mm com espuma de 3,00mm sem forro",197.026.0008,1495668352 / 1,Sansuy S.A. Indústria de Plásticos,2026-04-24
Semicomponent,"Sanleather IV LE CL74 Cinza S-782 1,10x1400mm com espuma de 1,00mm com forro",197.026.0059,1495439603 / 1,Sansuy S.A. Indústria de Plásticos,2026-04-24
Semicomponent,"Sanleather IV LE CL74 Cinza S-782 1,10x1400mm com espuma de 4,50mm sem forro",197.026.0072,1495446171 / 1,Sansuy S.A. Indústria de Plásticos,2026-04-24
Semicomponent,"Sanleather IV LE CL74 Preto S-085 1,10x1400mm com espuma de 1,00mm com forro",197.026.0060,1495442530 / 1,Sansuy S.A. Indústria de Plásticos,2026-04-24
Semicomponent,"Sanleather IV LE CL74 Preto S-085 1,10x1400mm com espuma de 4,50mm sem forro",197.026.0071,1495446065 / 1,Sansuy S.A. Indústria de Plásticos,2026-04-24
Semicomponent,"Sanleather IV LE ML14 Cinza S-769 1,10x1400mm com espuma de 1,00mm com forro",197.026.0061,1495663456 / 1,Sansuy S.A. Indústria de Plásticos,2026-04-24
Semicomponent,"Sanleather IV LE ML14 Cinza S-769 1,10x1400mm com espuma de 4,50mm sem forro",197.026.0073,1495446290 / 1,Sansuy S.A. Indústria de Plásticos,2026-04-24
Semicomponent,"Sanleather VI IS LE CL68 Cinza S-692 0,90x1400mm",124.544.0081,1295277435 / 2,Sansuy S.A. Indústria de Plásticos,2024-10-09
Semicomponent,"Sanleather VI IS LE ML7 Preto S-085 0,90x1400mm",124.544.0082,1295275367 / 2,Sansuy S.A. Indústria de Plásticos,2024-10-09
Semicomponent,"Sanveo PE CL68 Preto S-085 4,50x1420mm",124.549.0067,1006534737 / 1,Sansuy S.A. Indústria de Plásticos,2021-03-16
Semicomponent,"Sanveo PE PR CL68 Preto S-085 5,00x1420mm",124.549.0069,1295274249 / 2,Sansuy S.A. Indústria de Plásticos,2024-05-24
Semicomponent,"Sanveo PP CL81 Preto S-085 2,10x1420mm",124.549.0070,1294988956 / 3,Sansuy S.A. Indústria de Plásticos,2025-03-05
